brand_id,brand,model_slug,model,representative_model_page,representative_year,size_label,stack_mm,reach_mm,data_quality,source_url,source_ref,source_note
canyon,Canyon,canyon-aeroad,Aeroad,Canyon Aeroad 2025,2025,XS,520,378,representative_latest_year,https://geometrygeeks.bike/bike/canyon-aeroad-2025/,turn2search11/turn11view0,Stack|reach pairs from Geometry Geeks snippet; size labels from page lines.
canyon,Canyon,canyon-aeroad,Aeroad,Canyon Aeroad 2025,2025,S,539,390,representative_latest_year,https://geometrygeeks.bike/bike/canyon-aeroad-2025/,turn2search11/turn11view0,Stack|reach pairs from Geometry Geeks snippet; size labels from page lines.
canyon,Canyon,canyon-aeroad,Aeroad,Canyon Aeroad 2025,2025,M,560,393,representative_latest_year,https://geometrygeeks.bike/bike/canyon-aeroad-2025/,turn2search11/turn11view0,Stack|reach pairs from Geometry Geeks snippet; size labels from page lines.
canyon,Canyon,canyon-aeroad,Aeroad,Canyon Aeroad 2025,2025,L,580,401,representative_latest_year,https://geometrygeeks.bike/bike/canyon-aeroad-2025/,turn2search11/turn11view0,Stack|reach pairs from Geometry Geeks snippet; size labels from page lines.
cannondale,Cannondale,cannondale-topstone,Topstone,Cannondale Topstone carbon 2025,2025,47,554,364,representative_latest_year,https://geometrygeeks.bike/bike/cannondale-topstone-carbon-2025/,turn6search3/turn13view0,Stack|reach pairs from Geometry Geeks snippet; size labels from page lines.
cannondale,Cannondale,cannondale-topstone,Topstone,Cannondale Topstone carbon 2025,2025,51,564,373,representative_latest_year,https://geometrygeeks.bike/bike/cannondale-topstone-carbon-2025/,turn6search3/turn13view0,Stack|reach pairs from Geometry Geeks snippet; size labels from page lines.
cannondale,Cannondale,cannondale-topstone,Topstone,Cannondale Topstone carbon 2025,2025,54,579,378,representative_latest_year,https://geometrygeeks.bike/bike/cannondale-topstone-carbon-2025/,turn6search3/turn13view0,Stack|reach pairs from Geometry Geeks snippet; size labels from page lines.
cannondale,Cannondale,cannondale-topstone,Topstone,Cannondale Topstone carbon 2025,2025,56,597,383,representative_latest_year,https://geometrygeeks.bike/bike/cannondale-topstone-carbon-2025/,turn6search3/turn13view0,Stack|reach pairs from Geometry Geeks snippet; size labels from page lines.
cannondale,Cannondale,cannondale-topstone,Topstone,Cannondale Topstone carbon 2025,2025,58,615,389,representative_latest_year,https://geometrygeeks.bike/bike/cannondale-topstone-carbon-2025/,turn6search3/turn13view0,Stack|reach pairs from Geometry Geeks snippet; size labels from page lines.
cannondale,Cannondale,cannondale-topstone,Topstone,Cannondale Topstone carbon 2025,2025,61,646,397,representative_latest_year,https://geometrygeeks.bike/bike/cannondale-topstone-carbon-2025/,turn6search3/turn13view0,Stack|reach pairs from Geometry Geeks snippet; size labels from page lines.
pinarello,Pinarello,pinarello-grevil,Grevil,Pinarello Grevil F 2023,2023,470,548,360,representative_latest_year,https://geometrygeeks.bike/bike/pinarello-grevil-f-2023/,turn6search7/turn13view1,Stack|reach pairs from Geometry Geeks snippet; size labels from page lines.
pinarello,Pinarello,pinarello-grevil,Grevil,Pinarello Grevil F 2023,2023,500,564,368,representative_latest_year,https://geometrygeeks.bike/bike/pinarello-grevil-f-2023/,turn6search7/turn13view1,Stack|reach pairs from Geometry Geeks snippet; size labels from page lines.
pinarello,Pinarello,pinarello-grevil,Grevil,Pinarello Grevil F 2023,2023,530,578,374,representative_latest_year,https://geometrygeeks.bike/bike/pinarello-grevil-f-2023/,turn6search7/turn13view1,Stack|reach pairs from Geometry Geeks snippet; size labels from page lines.
pinarello,Pinarello,pinarello-grevil,Grevil,Pinarello Grevil F 2023,2023,550,594,382,representative_latest_year,https://geometrygeeks.bike/bike/pinarello-grevil-f-2023/,turn6search7/turn13view1,Stack|reach pairs from Geometry Geeks snippet; size labels from page lines.
pinarello,Pinarello,pinarello-grevil,Grevil,Pinarello Grevil F 2023,2023,575,609,390,representative_latest_year,https://geometrygeeks.bike/bike/pinarello-grevil-f-2023/,turn6search7/turn13view1,Stack|reach pairs from Geometry Geeks snippet; size labels from page lines.
pinarello,Pinarello,pinarello-grevil,Grevil,Pinarello Grevil F 2023,2023,600,629,398,representative_latest_year,https://geometrygeeks.bike/bike/pinarello-grevil-f-2023/,turn6search7/turn13view1,Stack|reach pairs from Geometry Geeks snippet; size labels from page lines.
bmc,BMC,bmc-roadmachine,Roadmachine,BMC Roadmachine 2024,2024,47,525,370,representative_latest_year,https://geometrygeeks.bike/bike/bmc-roadmachine-2024/,turn14search0,Use snippet stack|reach pairs; ignore malformed non-stack/reach lines.
bmc,BMC,bmc-roadmachine,Roadmachine,BMC Roadmachine 2024,2024,51,550,379,representative_latest_year,https://geometrygeeks.bike/bike/bmc-roadmachine-2024/,turn14search0,Use snippet stack|reach pairs; ignore malformed non-stack/reach lines.
bmc,BMC,bmc-roadmachine,Roadmachine,BMC Roadmachine 2024,2024,54,570,383,representative_latest_year,https://geometrygeeks.bike/bike/bmc-roadmachine-2024/,turn14search0,Use snippet stack|reach pairs; ignore malformed non-stack/reach lines.
bmc,BMC,bmc-roadmachine,Roadmachine,BMC Roadmachine 2024,2024,56,595,388,representative_latest_year,https://geometrygeeks.bike/bike/bmc-roadmachine-2024/,turn14search0,Use snippet stack|reach pairs; ignore malformed non-stack/reach lines.
bmc,BMC,bmc-roadmachine,Roadmachine,BMC Roadmachine 2024,2024,58,620,393,representative_latest_year,https://geometrygeeks.bike/bike/bmc-roadmachine-2024/,turn14search0,Use snippet stack|reach pairs; ignore malformed non-stack/reach lines.
bmc,BMC,bmc-roadmachine,Roadmachine,BMC Roadmachine 2024,2024,61,645,398,representative_latest_year,https://geometrygeeks.bike/bike/bmc-roadmachine-2024/,turn14search0,Use snippet stack|reach pairs; ignore malformed non-stack/reach lines.
cervelo,Cervelo,cervelo-caledonia,Caledonia,Cervelo Caledonia-5 2025,2025,48,505,360,representative_latest_year,https://geometrygeeks.bike/bike/cervelo-caledonia-5-2025/,turn14search1,Use snippet stack|reach pairs; representative geometry for Caledonia family.
cervelo,Cervelo,cervelo-caledonia,Caledonia,Cervelo Caledonia-5 2025,2025,51,530,369,representative_latest_year,https://geometrygeeks.bike/bike/cervelo-caledonia-5-2025/,turn14search1,Use snippet stack|reach pairs; representative geometry for Caledonia family.
cervelo,Cervelo,cervelo-caledonia,Caledonia,Cervelo Caledonia-5 2025,2025,54,555,378,representative_latest_year,https://geometrygeeks.bike/bike/cervelo-caledonia-5-2025/,turn14search1,Use snippet stack|reach pairs; representative geometry for Caledonia family.
cervelo,Cervelo,cervelo-caledonia,Caledonia,Cervelo Caledonia-5 2025,2025,56,580,387,representative_latest_year,https://geometrygeeks.bike/bike/cervelo-caledonia-5-2025/,turn14search1,Use snippet stack|reach pairs; representative geometry for Caledonia family.
cervelo,Cervelo,cervelo-caledonia,Caledonia,Cervelo Caledonia-5 2025,2025,58,605,396,representative_latest_year,https://geometrygeeks.bike/bike/cervelo-caledonia-5-2025/,turn14search1,Use snippet stack|reach pairs; representative geometry for Caledonia family.
cervelo,Cervelo,cervelo-caledonia,Caledonia,Cervelo Caledonia-5 2025,2025,61,630,405,representative_latest_year,https://geometrygeeks.bike/bike/cervelo-caledonia-5-2025/,turn14search1,Use snippet stack|reach pairs; representative geometry for Caledonia family.
trek,Trek,trek-checkpoint,Checkpoint,TREK Checkpoint SL6 2025,2025,XS,535,380,representative_latest_year,https://geometrygeeks.bike/bike/trek-checkpoint-sl6-2025/,turn14search2,Use snippet stack|reach pairs; representative geometry for Checkpoint family.
trek,Trek,trek-checkpoint,Checkpoint,TREK Checkpoint SL6 2025,2025,S,556,386,representative_latest_year,https://geometrygeeks.bike/bike/trek-checkpoint-sl6-2025/,turn14search2,Use snippet stack|reach pairs; representative geometry for Checkpoint family.
trek,Trek,trek-checkpoint,Checkpoint,TREK Checkpoint SL6 2025,2025,M,579,391,representative_latest_year,https://geometrygeeks.bike/bike/trek-checkpoint-sl6-2025/,turn14search2,Use snippet stack|reach pairs; representative geometry for Checkpoint family.
trek,Trek,trek-checkpoint,Checkpoint,TREK Checkpoint SL6 2025,2025,ML,601,397,representative_latest_year,https://geometrygeeks.bike/bike/trek-checkpoint-sl6-2025/,turn14search2,Use snippet stack|reach pairs; representative geometry for Checkpoint family.
trek,Trek,trek-checkpoint,Checkpoint,TREK Checkpoint SL6 2025,2025,L,620,402,representative_latest_year,https://geometrygeeks.bike/bike/trek-checkpoint-sl6-2025/,turn14search2,Use snippet stack|reach pairs; representative geometry for Checkpoint family.
trek,Trek,trek-checkpoint,Checkpoint,TREK Checkpoint SL6 2025,2025,XL,640,408,representative_latest_year,https://geometrygeeks.bike/bike/trek-checkpoint-sl6-2025/,turn14search2,Use snippet stack|reach pairs; representative geometry for Checkpoint family.
scott,Scott,scott-addict-rc,Addict RC,SCOTT Addict RC 2025,2025,XXS/47,501,379,representative_latest_year,https://geometrygeeks.bike/bike/scott-addict-rc-2025/,turn14search4,Use snippet stack|reach pairs.
scott,Scott,scott-addict-rc,Addict RC,SCOTT Addict RC 2025,2025,XS/49,512,386,representative_latest_year,https://geometrygeeks.bike/bike/scott-addict-rc-2025/,turn14search4,Use snippet stack|reach pairs.
scott,Scott,scott-addict-rc,Addict RC,SCOTT Addict RC 2025,2025,S/52,526,392,representative_latest_year,https://geometrygeeks.bike/bike/scott-addict-rc-2025/,turn14search4,Use snippet stack|reach pairs.
scott,Scott,scott-addict-rc,Addict RC,SCOTT Addict RC 2025,2025,M/54,543,395,representative_latest_year,https://geometrygeeks.bike/bike/scott-addict-rc-2025/,turn14search4,Use snippet stack|reach pairs.
scott,Scott,scott-addict-rc,Addict RC,SCOTT Addict RC 2025,2025,L/56,564,403,representative_latest_year,https://geometrygeeks.bike/bike/scott-addict-rc-2025/,turn14search4,Use snippet stack|reach pairs.
scott,Scott,scott-addict-rc,Addict RC,SCOTT Addict RC 2025,2025,XL/58,584,406,representative_latest_year,https://geometrygeeks.bike/bike/scott-addict-rc-2025/,turn14search4,Use snippet stack|reach pairs.
scott,Scott,scott-addict-rc,Addict RC,SCOTT Addict RC 2025,2025,XXL/61,604,411,representative_latest_year,https://geometrygeeks.bike/bike/scott-addict-rc-2025/,turn14search4,Use snippet stack|reach pairs.
giant,Giant,giant-revolt,Revolt,Giant Revolt Advanced 2024,2024,XS,556,381,representative_latest_year,https://geometrygeeks.bike/bike/giant-revolt-advanced-2024/,turn14search5,Use snippet stack|reach pairs; representative geometry for Revolt family.
giant,Giant,giant-revolt,Revolt,Giant Revolt Advanced 2024,2024,S,570,381,representative_latest_year,https://geometrygeeks.bike/bike/giant-revolt-advanced-2024/,turn14search5,Use snippet stack|reach pairs; representative geometry for Revolt family.
giant,Giant,giant-revolt,Revolt,Giant Revolt Advanced 2024,2024,M,586,387,representative_latest_year,https://geometrygeeks.bike/bike/giant-revolt-advanced-2024/,turn14search5,Use snippet stack|reach pairs; representative geometry for Revolt family.
giant,Giant,giant-revolt,Revolt,Giant Revolt Advanced 2024,2024,ML,602,391,representative_latest_year,https://geometrygeeks.bike/bike/giant-revolt-advanced-2024/,turn14search5,Use snippet stack|reach pairs; representative geometry for Revolt family.
giant,Giant,giant-revolt,Revolt,Giant Revolt Advanced 2024,2024,L,616,397,representative_latest_year,https://geometrygeeks.bike/bike/giant-revolt-advanced-2024/,turn14search5,Use snippet stack|reach pairs; representative geometry for Revolt family.
giant,Giant,giant-revolt,Revolt,Giant Revolt Advanced 2024,2024,XL,630,407,representative_latest_year,https://geometrygeeks.bike/bike/giant-revolt-advanced-2024/,turn14search5,Use snippet stack|reach pairs; representative geometry for Revolt family.
giant,Giant,giant-tcr,TCR,Giant TCR Advanced Pro 0/1 2025,2025,XS,517,376,representative_latest_year,https://geometrygeeks.bike/bike/giant-tcr-advanced-pro-01-2025/,turn14search6,Use snippet stack|reach pairs; representative geometry for TCR family.
giant,Giant,giant-tcr,TCR,Giant TCR Advanced Pro 0/1 2025,2025,S,528,383,representative_latest_year,https://geometrygeeks.bike/bike/giant-tcr-advanced-pro-01-2025/,turn14search6,Use snippet stack|reach pairs; representative geometry for TCR family.
giant,Giant,giant-tcr,TCR,Giant TCR Advanced Pro 0/1 2025,2025,M,545,388,representative_latest_year,https://geometrygeeks.bike/bike/giant-tcr-advanced-pro-01-2025/,turn14search6,Use snippet stack|reach pairs; representative geometry for TCR family.
giant,Giant,giant-tcr,TCR,Giant TCR Advanced Pro 0/1 2025,2025,ML,562,393,representative_latest_year,https://geometrygeeks.bike/bike/giant-tcr-advanced-pro-01-2025/,turn14search6,Use snippet stack|reach pairs; representative geometry for TCR family.
giant,Giant,giant-tcr,TCR,Giant TCR Advanced Pro 0/1 2025,2025,L,581,402,representative_latest_year,https://geometrygeeks.bike/bike/giant-tcr-advanced-pro-01-2025/,turn14search6,Use snippet stack|reach pairs; representative geometry for TCR family.
giant,Giant,giant-tcr,TCR,Giant TCR Advanced Pro 0/1 2025,2025,XL,596,412,representative_latest_year,https://geometrygeeks.bike/bike/giant-tcr-advanced-pro-01-2025/,turn14search6,Use snippet stack|reach pairs; representative geometry for TCR family.
bmc,BMC,bmc-kaius,Kaius,BMC Kaius 01 2023,2023,47,510,390,representative_latest_year,https://geometrygeeks.bike/bike/bmc-kaius-01-2023/,turn14search7,Use snippet stack|reach pairs.
bmc,BMC,bmc-kaius,Kaius,BMC Kaius 01 2023,2023,51,530,397,representative_latest_year,https://geometrygeeks.bike/bike/bmc-kaius-01-2023/,turn14search7,Use snippet stack|reach pairs.
bmc,BMC,bmc-kaius,Kaius,BMC Kaius 01 2023,2023,54,550,401,representative_latest_year,https://geometrygeeks.bike/bike/bmc-kaius-01-2023/,turn14search7,Use snippet stack|reach pairs.
bmc,BMC,bmc-kaius,Kaius,BMC Kaius 01 2023,2023,56,570,405,representative_latest_year,https://geometrygeeks.bike/bike/bmc-kaius-01-2023/,turn14search7,Use snippet stack|reach pairs.
bmc,BMC,bmc-kaius,Kaius,BMC Kaius 01 2023,2023,58,595,410,representative_latest_year,https://geometrygeeks.bike/bike/bmc-kaius-01-2023/,turn14search7,Use snippet stack|reach pairs.
bmc,BMC,bmc-kaius,Kaius,BMC Kaius 01 2023,2023,61,620,414,representative_latest_year,https://geometrygeeks.bike/bike/bmc-kaius-01-2023/,turn14search7,Use snippet stack|reach pairs.
trek,Trek,trek-madone,Madone,TREK Madone SLR Gen 8 2024,2024,XS,507,370,representative_latest_year,https://geometrygeeks.bike/bike/trek-madone-slr-gen-8-2024/,turn15search2,Use snippet stack|reach pairs; representative geometry for Madone family.
trek,Trek,trek-madone,Madone,TREK Madone SLR Gen 8 2024,2024,S,530,378,representative_latest_year,https://geometrygeeks.bike/bike/trek-madone-slr-gen-8-2024/,turn15search2,Use snippet stack|reach pairs; representative geometry for Madone family.
trek,Trek,trek-madone,Madone,TREK Madone SLR Gen 8 2024,2024,M,546,384,representative_latest_year,https://geometrygeeks.bike/bike/trek-madone-slr-gen-8-2024/,turn15search2,Use snippet stack|reach pairs; representative geometry for Madone family.
trek,Trek,trek-madone,Madone,TREK Madone SLR Gen 8 2024,2024,ML,562,389,representative_latest_year,https://geometrygeeks.bike/bike/trek-madone-slr-gen-8-2024/,turn15search2,Use snippet stack|reach pairs; representative geometry for Madone family.
trek,Trek,trek-madone,Madone,TREK Madone SLR Gen 8 2024,2024,L,582,394,representative_latest_year,https://geometrygeeks.bike/bike/trek-madone-slr-gen-8-2024/,turn15search2,Use snippet stack|reach pairs; representative geometry for Madone family.
trek,Trek,trek-madone,Madone,TREK Madone SLR Gen 8 2024,2024,XL,610,402,representative_latest_year,https://geometrygeeks.bike/bike/trek-madone-slr-gen-8-2024/,turn15search2,Use snippet stack|reach pairs; representative geometry for Madone family.
cervelo,Cervelo,cervelo-aspero,Aspero,Cervelo Aspero 2024,2024,48,505,370,representative_latest_year,https://geometrygeeks.bike/bike/cervelo-aspero-2024/,turn15search4,Use snippet stack|reach pairs.
cervelo,Cervelo,cervelo-aspero,Aspero,Cervelo Aspero 2024,2024,51,530,379,representative_latest_year,https://geometrygeeks.bike/bike/cervelo-aspero-2024/,turn15search4,Use snippet stack|reach pairs.
cervelo,Cervelo,cervelo-aspero,Aspero,Cervelo Aspero 2024,2024,54,555,388,representative_latest_year,https://geometrygeeks.bike/bike/cervelo-aspero-2024/,turn15search4,Use snippet stack|reach pairs.
cervelo,Cervelo,cervelo-aspero,Aspero,Cervelo Aspero 2024,2024,56,580,397,representative_latest_year,https://geometrygeeks.bike/bike/cervelo-aspero-2024/,turn15search4,Use snippet stack|reach pairs.
cervelo,Cervelo,cervelo-aspero,Aspero,Cervelo Aspero 2024,2024,58,605,406,representative_latest_year,https://geometrygeeks.bike/bike/cervelo-aspero-2024/,turn15search4,Use snippet stack|reach pairs.
cervelo,Cervelo,cervelo-aspero,Aspero,Cervelo Aspero 2024,2024,61,630,415,representative_latest_year,https://geometrygeeks.bike/bike/cervelo-aspero-2024/,turn15search4,Use snippet stack|reach pairs.
canyon,Canyon,canyon-endurace,Endurace,Canyon Endurace 2022,2022,3XS,510,350,representative_latest_year,https://geometrygeeks.bike/bike/canyon-endurace-2022/,turn15search5,Use snippet stack|reach pairs; representative geometry for Endurace family.
canyon,Canyon,canyon-endurace,Endurace,Canyon Endurace 2022,2022,2XS,529,354,representative_latest_year,https://geometrygeeks.bike/bike/canyon-endurace-2022/,turn15search5,Use snippet stack|reach pairs; representative geometry for Endurace family.
canyon,Canyon,canyon-endurace,Endurace,Canyon Endurace 2022,2022,XS,548,370,representative_latest_year,https://geometrygeeks.bike/bike/canyon-endurace-2022/,turn15search5,Use snippet stack|reach pairs; representative geometry for Endurace family.
canyon,Canyon,canyon-endurace,Endurace,Canyon Endurace 2022,2022,S,568,375,representative_latest_year,https://geometrygeeks.bike/bike/canyon-endurace-2022/,turn15search5,Use snippet stack|reach pairs; representative geometry for Endurace family.
canyon,Canyon,canyon-endurace,Endurace,Canyon Endurace 2022,2022,M,590,378,representative_latest_year,https://geometrygeeks.bike/bike/canyon-endurace-2022/,turn15search5,Use snippet stack|reach pairs; representative geometry for Endurace family.
canyon,Canyon,canyon-endurace,Endurace,Canyon Endurace 2022,2022,L,611,387,representative_latest_year,https://geometrygeeks.bike/bike/canyon-endurace-2022/,turn15search5,Use snippet stack|reach pairs; representative geometry for Endurace family.
canyon,Canyon,canyon-endurace,Endurace,Canyon Endurace 2022,2022,XL,637,405,representative_latest_year,https://geometrygeeks.bike/bike/canyon-endurace-2022/,turn15search5,Use snippet stack|reach pairs; representative geometry for Endurace family.
canyon,Canyon,canyon-endurace,Endurace,Canyon Endurace 2022,2022,2XL,656,414,representative_latest_year,https://geometrygeeks.bike/bike/canyon-endurace-2022/,turn15search5,Use snippet stack|reach pairs; representative geometry for Endurace family.
santa-cruz,Santa Cruz,santa-cruz-hightower,Hightower,Santa Cruz Hightower V4 2025,2025,S (lo),625,432,representative_latest_year,https://geometrygeeks.bike/bike/santa-cruz-hightower-v4-2025-1/,turn15search3,Low/high flip-chip settings are separate size rows.
santa-cruz,Santa Cruz,santa-cruz-hightower,Hightower,Santa Cruz Hightower V4 2025,2025,S (hi),623,435,representative_latest_year,https://geometrygeeks.bike/bike/santa-cruz-hightower-v4-2025-1/,turn15search3,Low/high flip-chip settings are separate size rows.
santa-cruz,Santa Cruz,santa-cruz-hightower,Hightower,Santa Cruz Hightower V4 2025,2025,M (lo),634,457,representative_latest_year,https://geometrygeeks.bike/bike/santa-cruz-hightower-v4-2025-1/,turn15search3,Low/high flip-chip settings are separate size rows.
santa-cruz,Santa Cruz,santa-cruz-hightower,Hightower,Santa Cruz Hightower V4 2025,2025,M (hi),632,460,representative_latest_year,https://geometrygeeks.bike/bike/santa-cruz-hightower-v4-2025-1/,turn15search3,Low/high flip-chip settings are separate size rows.
santa-cruz,Santa Cruz,santa-cruz-hightower,Hightower,Santa Cruz Hightower V4 2025,2025,L (lo),643,477,representative_latest_year,https://geometrygeeks.bike/bike/santa-cruz-hightower-v4-2025-1/,turn15search3,Low/high flip-chip settings are separate size rows.
santa-cruz,Santa Cruz,santa-cruz-hightower,Hightower,Santa Cruz Hightower V4 2025,2025,L (hi),641,480,representative_latest_year,https://geometrygeeks.bike/bike/santa-cruz-hightower-v4-2025-1/,turn15search3,Low/high flip-chip settings are separate size rows.
santa-cruz,Santa Cruz,santa-cruz-hightower,Hightower,Santa Cruz Hightower V4 2025,2025,XL (lo),661,497,representative_latest_year,https://geometrygeeks.bike/bike/santa-cruz-hightower-v4-2025-1/,turn15search3,Low/high flip-chip settings are separate size rows.
santa-cruz,Santa Cruz,santa-cruz-hightower,Hightower,Santa Cruz Hightower V4 2025,2025,XL (hi),659,500,representative_latest_year,https://geometrygeeks.bike/bike/santa-cruz-hightower-v4-2025-1/,turn15search3,Low/high flip-chip settings are separate size rows.
santa-cruz,Santa Cruz,santa-cruz-hightower,Hightower,Santa Cruz Hightower V4 2025,2025,XXL (lo),670,522,representative_latest_year,https://geometrygeeks.bike/bike/santa-cruz-hightower-v4-2025-1/,turn15search3,Low/high flip-chip settings are separate size rows.
santa-cruz,Santa Cruz,santa-cruz-hightower,Hightower,Santa Cruz Hightower V4 2025,2025,XXL (hi),668,525,representative_latest_year,https://geometrygeeks.bike/bike/santa-cruz-hightower-v4-2025-1/,turn15search3,Low/high flip-chip settings are separate size rows.
santa-cruz,Santa Cruz,santa-cruz-tallboy,Tallboy,Santa Cruz Tallboy 2025,2025,XS (lo),601,405,representative_latest_year,https://geometrygeeks.bike/bike/santa-cruz-tallboy-2025/,turn13view4,Low setting parsed from page lines with low/high pairs shown side-by-side.
santa-cruz,Santa Cruz,santa-cruz-tallboy,Tallboy,Santa Cruz Tallboy 2025,2025,XS (hi),603,403,representative_latest_year,https://geometrygeeks.bike/bike/santa-cruz-tallboy-2025/,turn13view4,High setting parsed from page lines with low/high pairs shown side-by-side.
santa-cruz,Santa Cruz,santa-cruz-tallboy,Tallboy,Santa Cruz Tallboy 2025,2025,S (lo),610,430,representative_latest_year,https://geometrygeeks.bike/bike/santa-cruz-tallboy-2025/,turn13view4,Low setting parsed from page lines with low/high pairs shown side-by-side.
santa-cruz,Santa Cruz,santa-cruz-tallboy,Tallboy,Santa Cruz Tallboy 2025,2025,S (hi),612,428,representative_latest_year,https://geometrygeeks.bike/bike/santa-cruz-tallboy-2025/,turn13view4,High setting parsed from page lines with low/high pairs shown side-by-side.
santa-cruz,Santa Cruz,santa-cruz-tallboy,Tallboy,Santa Cruz Tallboy 2025,2025,M (lo),619,455,representative_latest_year,https://geometrygeeks.bike/bike/santa-cruz-tallboy-2025/,turn13view4,Low setting parsed from page lines with low/high pairs shown side-by-side.
santa-cruz,Santa Cruz,santa-cruz-tallboy,Tallboy,Santa Cruz Tallboy 2025,2025,M (hi),621,453,representative_latest_year,https://geometrygeeks.bike/bike/santa-cruz-tallboy-2025/,turn13view4,High setting parsed from page lines with low/high pairs shown side-by-side.
santa-cruz,Santa Cruz,santa-cruz-tallboy,Tallboy,Santa Cruz Tallboy 2025,2025,L (lo),628,475,representative_latest_year,https://geometrygeeks.bike/bike/santa-cruz-tallboy-2025/,turn13view4,Low setting parsed from page lines with low/high pairs shown side-by-side.
santa-cruz,Santa Cruz,santa-cruz-tallboy,Tallboy,Santa Cruz Tallboy 2025,2025,L (hi),630,473,representative_latest_year,https://geometrygeeks.bike/bike/santa-cruz-tallboy-2025/,turn13view4,High setting parsed from page lines with low/high pairs shown side-by-side.
santa-cruz,Santa Cruz,santa-cruz-tallboy,Tallboy,Santa Cruz Tallboy 2025,2025,XL (lo),646,495,representative_latest_year,https://geometrygeeks.bike/bike/santa-cruz-tallboy-2025/,turn13view4,Low setting parsed from page lines with low/high pairs shown side-by-side.
santa-cruz,Santa Cruz,santa-cruz-tallboy,Tallboy,Santa Cruz Tallboy 2025,2025,XL (hi),648,493,representative_latest_year,https://geometrygeeks.bike/bike/santa-cruz-tallboy-2025/,turn13view4,High setting parsed from page lines with low/high pairs shown side-by-side.
santa-cruz,Santa Cruz,santa-cruz-tallboy,Tallboy,Santa Cruz Tallboy 2025,2025,XXL (lo),656,520,representative_latest_year,https://geometrygeeks.bike/bike/santa-cruz-tallboy-2025/,turn13view4,Low setting parsed from page lines with low/high pairs shown side-by-side.
santa-cruz,Santa Cruz,santa-cruz-tallboy,Tallboy,Santa Cruz Tallboy 2025,2025,XXL (hi),658,518,representative_latest_year,https://geometrygeeks.bike/bike/santa-cruz-tallboy-2025/,turn13view4,High setting parsed from page lines with low/high pairs shown side-by-side.
